iso_code,date,weekly_hosp_admissions,new_deaths,total_deaths,total_cases,new_cases,stringency_index
ITA,2020-01-31,NA,0,NA,3,1,19.44
ITA,2020-02-01,NA,0,NA,3,0,19.44
ITA,2020-02-02,NA,0,NA,3,0,19.44
ITA,2020-02-03,NA,0,NA,3,0,19.44
ITA,2020-02-04,NA,0,NA,3,0,19.44
ITA,2020-02-05,NA,0,NA,3,0,19.44
ITA,2020-02-06,NA,0,NA,3,0,19.44
ITA,2020-02-07,NA,0,NA,3,0,19.44
ITA,2020-02-08,NA,0,NA,3,0,19.44
ITA,2020-02-09,NA,0,NA,3,0,19.44
ITA,2020-02-10,NA,0,NA,3,0,19.44
ITA,2020-02-11,NA,0,NA,3,0,19.44
ITA,2020-02-12,NA,0,NA,3,0,19.44
ITA,2020-02-13,NA,0,NA,3,0,19.44
ITA,2020-02-14,NA,0,NA,3,0,19.44
ITA,2020-02-15,NA,0,NA,3,0,19.44
ITA,2020-02-16,NA,0,NA,3,0,19.44
ITA,2020-02-17,NA,0,NA,3,0,19.44
ITA,2020-02-18,NA,0,NA,3,0,19.44
ITA,2020-02-19,NA,0,NA,3,0,19.44
ITA,2020-02-20,NA,0,NA,3,0,19.44
ITA,2020-02-21,NA,0,NA,3,0,27.78
ITA,2020-02-22,NA,0,NA,17,14,37.04
ITA,2020-02-23,NA,2,2,79,62,64.35
ITA,2020-02-24,NA,1,3,132,53,64.35
ITA,2020-02-25,NA,4,7,229,97,64.35
ITA,2020-02-26,1196,3,10,322,93,64.35
ITA,2020-02-27,1421,2,12,400,78,64.35
ITA,2020-02-28,1673,5,17,650,250,64.35
ITA,2020-02-29,1936,4,21,888,238,64.35
ITA,2020-03-01,2224,8,29,1128,240,64.35
ITA,2020-03-02,2695,5,34,1694,566,69.91
ITA,2020-03-03,3234,18,52,2036,342,69.91
ITA,2020-03-04,3865,27,79,2502,466,72.69
ITA,2020-03-05,4631,28,107,3089,587,74.54
ITA,2020-03-06,5447,41,148,3858,769,74.54
ITA,2020-03-07,6248,49,197,4636,778,74.54
ITA,2020-03-08,6943,36,233,5883,1247,74.54
ITA,2020-03-09,7706,133,366,7375,1492,74.54
ITA,2020-03-10,8452,97,463,9172,1797,79.63
ITA,2020-03-11,9253,168,631,10149,977,82.41
ITA,2020-03-12,10028,196,827,12462,2313,82.41
ITA,2020-03-13,11099,189,1016,15113,2651,82.41
ITA,2020-03-14,11902,250,1266,17660,2547,82.41
ITA,2020-03-15,12662,175,1441,21157,3497,82.41
ITA,2020-03-16,13722,368,1809,24747,3590,82.41
ITA,2020-03-17,14831,349,2158,27980,3233,82.41
ITA,2020-03-18,15823,345,2503,31506,3526,82.41
ITA,2020-03-19,16750,475,2978,35713,4207,82.41
ITA,2020-03-20,17332,427,3405,41035,5322,85.19
ITA,2020-03-21,17896,627,4032,47021,5986,85.19
ITA,2020-03-22,18189,793,4825,53578,6557,85.19
ITA,2020-03-23,18410,651,5476,59138,5560,85.19
ITA,2020-03-24,18367,601,6077,63927,4789,85.19
ITA,2020-03-25,17987,743,6820,69176,5249,85.19
ITA,2020-03-26,17323,683,7503,74386,5210,85.19
ITA,2020-03-27,16717,662,8165,80539,6153,85.19
ITA,2020-03-28,15926,969,9134,86498,5959,85.19
ITA,2020-03-29,15176,889,10023,92472,5974,85.19
ITA,2020-03-30,14155,756,10779,97689,5217,85.19
ITA,2020-03-31,13127,812,11591,101739,4050,85.19
ITA,2020-04-01,12327,837,12428,105792,4053,85.19
ITA,2020-04-02,11678,727,13155,110574,4782,85.19
ITA,2020-04-03,10720,760,13915,115242,4668,85.19
ITA,2020-04-04,10009,766,14681,119827,4585,85.19
ITA,2020-04-05,9418,681,15362,124632,4805,85.19
ITA,2020-04-06,8772,525,15887,128948,4316,85.19
ITA,2020-04-07,8227,636,16523,132547,3599,85.19
ITA,2020-04-08,7770,604,17127,135586,3039,85.19
ITA,2020-04-09,7320,542,17669,139422,3836,85.19
ITA,2020-04-10,6995,610,18279,143626,4204,87.96
ITA,2020-04-11,6787,570,18849,147577,3951,87.96
ITA,2020-04-12,6613,619,19468,152271,4694,93.52
ITA,2020-04-13,6208,431,19899,156363,4092,93.52
ITA,2020-04-14,6051,566,20465,159516,3153,93.52
ITA,2020-04-15,5734,602,21067,162488,2972,93.52
ITA,2020-04-16,5450,578,21645,165155,2667,93.52
ITA,2020-04-17,5243,525,22170,168941,3786,93.52
ITA,2020-04-18,4993,575,22745,172434,3493,93.52
ITA,2020-04-19,4799,482,23227,175925,3491,93.52
ITA,2020-04-20,4837,433,23660,178972,3047,93.52
ITA,2020-04-21,4578,454,24114,181228,2256,93.52
ITA,2020-04-22,4468,534,24648,183957,2729,93.52
ITA,2020-04-23,4342,437,25085,187327,3370,93.52
ITA,2020-04-24,4167,464,25549,189973,2646,93.52
ITA,2020-04-25,4025,420,25969,192994,3021,93.52
ITA,2020-04-26,3917,415,26384,195351,2357,93.52
ITA,2020-04-27,3714,260,26644,197675,2324,93.52
ITA,2020-04-28,3543,333,26977,199414,1739,93.52
ITA,2020-04-29,3336,382,27359,201505,2091,93.52
ITA,2020-04-30,3111,323,27682,203591,2086,93.52
ITA,2020-05-01,2832,285,27967,205463,1872,93.52
ITA,2020-05-02,2649,269,28236,207428,1965,93.52
ITA,2020-05-03,2469,474,28710,209328,1900,93.52
ITA,2020-05-04,2319,174,28884,210717,1389,75
ITA,2020-05-05,2172,195,29079,211938,1221,75
ITA,2020-05-06,2064,236,29315,213013,1075,75
ITA,2020-05-07,1992,369,29684,214457,1444,75
ITA,2020-05-08,2008,274,29958,215858,1401,75
ITA,2020-05-09,1942,243,30201,217185,1327,75
ITA,2020-05-10,1931,194,30395,218268,1083,75
ITA,2020-05-11,1886,165,30560,219070,802,75
ITA,2020-05-12,1775,179,30739,219814,744,75
ITA,2020-05-13,1677,172,30911,221216,1402,75
ITA,2020-05-14,1585,195,31106,222104,888,75
ITA,2020-05-15,1507,262,31368,223096,992,75
ITA,2020-05-16,1464,242,31610,223885,789,78.7
ITA,2020-05-17,1418,153,31763,224760,875,78.7
ITA,2020-05-18,1337,145,31908,225435,675,67.59
ITA,2020-05-19,1308,99,32007,225886,451,67.59
ITA,2020-05-20,1250,162,32169,226699,813,67.59
ITA,2020-05-21,1167,161,32330,227364,665,67.59
ITA,2020-05-22,1090,156,32486,228006,642,67.59
ITA,2020-05-23,1048,130,32616,228658,652,67.59
ITA,2020-05-24,1022,119,32735,229327,669,67.59
ITA,2020-05-25,1007,50,32785,229858,531,67.59
ITA,2020-05-26,973,92,32877,230158,300,67.59
ITA,2020-05-27,940,78,32955,230555,397,67.59
ITA,2020-05-28,893,117,33072,231139,584,67.59
ITA,2020-05-29,869,70,33142,231732,593,67.59
ITA,2020-05-30,861,87,33229,232248,516,67.59
ITA,2020-05-31,821,111,33340,232664,416,67.59
ITA,2020-06-01,794,75,33415,233019,355,67.59
ITA,2020-06-02,734,60,33475,233197,178,67.59
ITA,2020-06-03,727,55,33530,233515,318,67.59
ITA,2020-06-04,738,71,33601,233836,321,67.59
ITA,2020-06-05,717,88,33689,234013,177,67.59
ITA,2020-06-06,679,85,33774,234531,518,67.59
ITA,2020-06-07,666,72,33846,234801,270,67.59
ITA,2020-06-08,656,53,33899,234998,197,67.59
ITA,2020-06-09,672,65,33964,235278,280,67.59
ITA,2020-06-10,644,79,34043,235561,283,67.59
ITA,2020-06-11,612,71,34114,235763,202,67.59
ITA,2020-06-12,605,53,34167,236142,379,67.59
ITA,2020-06-13,623,56,34223,236305,163,67.59
ITA,2020-06-14,629,78,34301,236651,346,67.59
ITA,2020-06-15,592,44,34345,236989,338,67.59
ITA,2020-06-16,570,26,34371,237290,301,67.59
ITA,2020-06-17,588,34,34405,237500,210,67.59
ITA,2020-06-18,607,43,34448,237828,328,67.59
ITA,2020-06-19,612,66,34514,238159,331,67.59
ITA,2020-06-20,579,47,34561,238410,251,67.59
ITA,2020-06-21,572,49,34610,238674,264,67.59
ITA,2020-06-22,587,24,34634,238898,224,67.59
ITA,2020-06-23,603,23,34657,239119,221,67.59
ITA,2020-06-24,597,18,34675,239232,113,67.59
ITA,2020-06-25,583,9,34684,239809,577,67.59
ITA,2020-06-26,574,14,34698,240105,296,67.59
ITA,2020-06-27,582,10,34708,240360,255,67.59
ITA,2020-06-28,571,8,34716,240535,175,67.59
ITA,2020-06-29,566,22,34738,240709,174,67.59
ITA,2020-06-30,563,6,34744,240835,126,67.59
ITA,2020-07-01,532,23,34767,240977,142,67.59
ITA,2020-07-02,540,21,34788,241159,182,67.59
ITA,2020-07-03,541,30,34818,241360,201,67.59
ITA,2020-07-04,532,15,34833,241583,223,67.59
ITA,2020-07-05,545,21,34854,241818,235,67.59
ITA,2020-07-06,528,7,34861,242010,192,67.59
ITA,2020-07-07,517,8,34869,242218,208,67.59
ITA,2020-07-08,523,30,34899,242355,137,67.59
ITA,2020-07-09,516,15,34914,242548,193,67.59
ITA,2020-07-10,497,12,34926,242762,214,67.59
ITA,2020-07-11,516,12,34938,243038,276,67.59
ITA,2020-07-12,506,7,34945,243226,188,67.59
ITA,2020-07-13,507,9,34954,243460,234,67.59
ITA,2020-07-14,515,13,34967,243629,169,67.59
ITA,2020-07-15,513,17,34984,243743,114,67.59
ITA,2020-07-16,499,13,34997,243905,162,67.59
ITA,2020-07-17,520,20,35017,244135,230,67.59
ITA,2020-07-18,518,11,35028,244366,231,67.59
ITA,2020-07-19,515,14,35042,244615,249,67.59
ITA,2020-07-20,524,3,35045,244833,218,67.59
ITA,2020-07-21,532,13,35058,245023,190,67.59
ITA,2020-07-22,539,15,35073,245151,128,67.59
ITA,2020-07-23,549,9,35082,245431,280,67.59
ITA,2020-07-24,525,10,35092,245737,306,67.59
ITA,2020-07-25,538,5,35097,245989,252,67.59
ITA,2020-07-26,548,5,35102,246263,274,67.59
ITA,2020-07-27,526,5,35107,246517,254,63.89
ITA,2020-07-28,513,5,35112,246685,168,63.89
ITA,2020-07-29,513,11,35123,246887,202,63.89
ITA,2020-07-30,509,6,35129,247175,288,63.89
ITA,2020-07-31,520,3,35132,247557,382,63.89
ITA,2020-08-01,520,9,35141,247936,379,64.81
ITA,2020-08-02,527,5,35146,248231,295,64.81
ITA,2020-08-03,561,8,35154,248469,238,64.81
ITA,2020-08-04,550,12,35166,248628,159,64.81
ITA,2020-08-05,562,5,35171,248818,190,64.81
ITA,2020-08-06,568,10,35181,249202,384,64.81
ITA,2020-08-07,563,6,35187,249603,401,64.81
ITA,2020-08-08,554,3,35190,250155,552,64.81
ITA,2020-08-09,566,13,35203,250502,347,64.81
ITA,2020-08-10,567,2,35205,250965,463,64.81
ITA,2020-08-11,565,4,35209,251224,259,64.81
ITA,2020-08-12,581,6,35215,251636,412,64.81
ITA,2020-08-13,597,10,35225,252112,476,64.81
ITA,2020-08-14,601,6,35231,252634,522,64.81
ITA,2020-08-15,606,3,35234,253208,574,64.81
ITA,2020-08-16,605,158,35392,253837,629,64.81
ITA,2020-08-17,597,4,35396,254314,477,68.52
ITA,2020-08-18,664,4,35400,254634,320,68.52
ITA,2020-08-19,701,5,35405,255035,401,68.52
ITA,2020-08-20,704,7,35412,255677,642,68.52
ITA,2020-08-21,718,6,35418,256517,840,68.52
ITA,2020-08-22,777,9,35427,257464,947,68.52
ITA,2020-08-23,804,3,35430,258535,1071,68.52
ITA,2020-08-24,827,7,35437,259744,1209,68.52
ITA,2020-08-25,855,4,35441,260697,953,68.52
ITA,2020-08-26,862,4,35445,261573,876,68.52
ITA,2020-08-27,921,13,35458,262939,1366,68.52
ITA,2020-08-28,975,5,35463,264348,1409,68.52
ITA,2020-08-29,965,9,35472,265808,1460,68.52
ITA,2020-08-30,985,1,35473,267252,1444,68.52
ITA,2020-08-31,1001,4,35477,268617,1365,68.52
ITA,2020-09-01,1007,6,35483,269613,996,68.52
ITA,2020-09-02,1039,8,35491,270588,975,68.52
ITA,2020-09-03,1076,6,35497,271914,1326,68.52
ITA,2020-09-04,1104,10,35507,273311,1397,68.52
ITA,2020-09-05,1138,11,35518,275043,1732,68.52
ITA,2020-09-06,1150,15,35533,276736,1693,68.52
ITA,2020-09-07,1221,8,35541,278033,1297,66.67
ITA,2020-09-08,1240,12,35553,279183,1150,66.67
ITA,2020-09-09,1251,10,35563,280552,1369,66.67
ITA,2020-09-10,1283,14,35577,281982,1430,66.67
ITA,2020-09-11,1316,10,35587,283579,1597,66.67
ITA,2020-09-12,1350,10,35597,285195,1616,66.67
ITA,2020-09-13,1396,6,35603,286696,1501,66.67
ITA,2020-09-14,1415,7,35610,288152,1456,66.67
ITA,2020-09-15,1483,14,35624,289160,1008,66.67
ITA,2020-09-16,1526,9,35633,290389,1229,66.67
ITA,2020-09-17,1551,12,35645,291841,1452,66.67
ITA,2020-09-18,1577,13,35658,293424,1583,66.67
ITA,2020-09-19,1582,10,35668,295331,1907,66.67
ITA,2020-09-20,1575,24,35692,296968,1637,66.67
ITA,2020-09-21,1605,15,35707,298555,1587,62.96
ITA,2020-09-22,1624,17,35724,299905,1350,62.96
ITA,2020-09-23,1649,14,35738,301296,1391,62.96
ITA,2020-09-24,1658,20,35758,302936,1640,62.96
ITA,2020-09-25,1701,23,35781,304722,1786,62.96
ITA,2020-09-26,1732,20,35801,306634,1912,62.96
ITA,2020-09-27,1759,17,35818,308503,1869,62.96
ITA,2020-09-28,1789,17,35835,310269,1766,62.96
ITA,2020-09-29,1815,16,35851,311763,1494,62.96
ITA,2020-09-30,1820,24,35875,313410,1647,62.96
ITA,2020-10-01,1912,19,35894,315260,1850,61.11
ITA,2020-10-02,1998,24,35918,317808,2548,61.11
ITA,2020-10-03,2138,23,35941,320307,2499,61.11
ITA,2020-10-04,2268,27,35968,323150,2843,61.11
ITA,2020-10-05,2425,18,35986,325728,2578,61.11
ITA,2020-10-06,2631,16,36002,327985,2257,63.89
ITA,2020-10-07,2855,28,36030,330662,2677,63.89
ITA,2020-10-08,3043,31,36061,334339,3677,63.89
ITA,2020-10-09,3241,22,36083,338797,4458,63.89
ITA,2020-10-10,3456,28,36111,344169,5372,63.89
ITA,2020-10-11,3727,29,36140,349893,5724,63.89
ITA,2020-10-12,4037,26,36166,355349,5456,63.89
ITA,2020-10-13,4363,39,36205,359968,4619,63.89
GBR,2020-01-31,NA,0,NA,NA,0,8.33
GBR,2020-02-01,NA,1,1,1,1,8.33
GBR,2020-02-02,NA,0,1,1,0,11.11
GBR,2020-02-03,NA,0,1,1,0,11.11
GBR,2020-02-04,NA,1,2,2,1,11.11
GBR,2020-02-05,NA,0,2,20,18,11.11
GBR,2020-02-06,NA,0,2,20,0,11.11
GBR,2020-02-07,NA,0,2,21,1,11.11
GBR,2020-02-08,NA,0,2,21,0,11.11
GBR,2020-02-09,NA,0,2,21,0,11.11
GBR,2020-02-10,NA,0,2,24,3,11.11
GBR,2020-02-11,NA,0,2,25,1,11.11
GBR,2020-02-12,NA,0,2,26,1,11.11
GBR,2020-02-13,NA,0,2,30,4,11.11
GBR,2020-02-14,NA,0,2,31,1,11.11
GBR,2020-02-15,NA,0,2,32,1,11.11
GBR,2020-02-16,NA,0,2,32,0,11.11
GBR,2020-02-17,NA,0,2,32,0,11.11
GBR,2020-02-18,NA,0,2,32,0,11.11
GBR,2020-02-19,NA,0,2,33,1,11.11
GBR,2020-02-20,NA,0,2,33,0,11.11
GBR,2020-02-21,NA,0,2,33,0,11.11
GBR,2020-02-22,NA,0,2,33,0,11.11
GBR,2020-02-23,NA,0,2,35,2,11.11
GBR,2020-02-24,NA,1,3,35,0,11.11
GBR,2020-02-25,NA,0,3,41,6,11.11
GBR,2020-02-26,NA,0,3,43,2,11.11
GBR,2020-02-27,NA,0,3,46,3,11.11
GBR,2020-02-28,NA,0,3,48,2,11.11
GBR,2020-02-29,NA,0,3,55,7,11.11
GBR,2020-03-01,NA,0,3,67,12,11.11
GBR,2020-03-02,NA,0,3,71,4,11.11
GBR,2020-03-03,NA,0,3,91,20,11.11
GBR,2020-03-04,NA,1,4,132,41,11.11
GBR,2020-03-05,NA,0,4,190,58,11.11
GBR,2020-03-06,NA,1,5,246,56,11.11
GBR,2020-03-07,NA,2,7,295,49,11.11
GBR,2020-03-08,NA,2,9,378,83,11.11
GBR,2020-03-09,NA,0,9,446,68,11.11
GBR,2020-03-10,NA,2,11,500,54,11.11
GBR,2020-03-11,NA,5,16,648,148,11.11
GBR,2020-03-12,NA,3,19,913,265,11.11
GBR,2020-03-13,NA,7,26,1302,389,12.96
GBR,2020-03-14,NA,13,39,1761,459,12.96
GBR,2020-03-15,NA,16,55,2239,478,12.96
GBR,2020-03-16,NA,21,76,2574,335,16.67
GBR,2020-03-17,NA,30,106,3015,441,22.22
GBR,2020-03-18,NA,50,156,3588,573,31.48
GBR,2020-03-19,NA,58,214,4314,726,31.48
GBR,2020-03-20,NA,73,287,5298,984,37.04
GBR,2020-03-21,NA,79,366,6280,982,47.22
GBR,2020-03-22,NA,118,484,7461,1181,62.04
GBR,2020-03-23,NA,143,627,8568,1107,78.24
GBR,2020-03-24,NA,183,810,9854,1286,79.63
GBR,2020-03-25,NA,206,1016,12143,2289,79.63
GBR,2020-03-26,NA,263,1279,14357,2214,79.63
GBR,2020-03-27,NA,337,1616,17023,2666,79.63
GBR,2020-03-28,NA,410,2026,19887,2864,79.63
GBR,2020-03-29,NA,463,2489,23041,3154,79.63
GBR,2020-03-30,NA,516,3005,25649,2608,79.63
GBR,2020-03-31,NA,585,3590,28310,2661,79.63
GBR,2020-04-01,NA,710,4300,32167,3857,79.63
GBR,2020-04-02,NA,827,5127,36630,4463,79.63
GBR,2020-04-03,NA,922,6049,41521,4891,79.63
GBR,2020-04-04,NA,1006,7055,46010,4489,79.63
GBR,2020-04-05,NA,1056,8111,50534,4524,79.63
GBR,2020-04-06,NA,1146,9257,54510,3976,79.63
GBR,2020-04-07,21657,1219,10476,58066,3556,79.63
GBR,2020-04-08,21075,1168,11644,62959,4893,79.63
GBR,2020-04-09,20442,1292,12936,68058,5099,79.63
GBR,2020-04-10,19987,1459,14395,72820,4762,79.63
GBR,2020-04-11,19248,1371,15766,77304,4484,79.63
GBR,2020-04-12,18419,1319,17085,81326,4022,79.63
GBR,2020-04-13,17554,1362,18447,84911,3585,79.63
GBR,2020-04-14,16499,1376,19823,88171,3260,79.63
GBR,2020-04-15,15422,1230,21053,92374,4203,79.63
GBR,2020-04-16,14796,1252,22305,96709,4335,79.63
GBR,2020-04-17,14304,1275,23580,101422,4713,79.63
GBR,2020-04-18,13766,1320,24900,106355,4933,79.63
GBR,2020-04-19,13352,1267,26167,111332,4977,79.63
GBR,2020-04-20,12922,1188,27355,115830,4498,79.63
GBR,2020-04-21,12537,1122,28477,119531,3701,79.63
GBR,2020-04-22,12179,1159,29636,123972,4441,79.63
GBR,2020-04-23,11688,1082,30718,128768,4796,79.63
GBR,2020-04-24,11243,1101,31819,134285,5517,79.63
GBR,2020-04-25,10867,1037,32856,139253,4968,79.63
GBR,2020-04-26,10570,1004,33860,144004,4751,79.63
GBR,2020-04-27,10369,918,34778,147625,3621,79.63
GBR,2020-04-28,10183,894,35672,150980,3355,79.63
GBR,2020-04-29,10146,866,36538,155547,4567,79.63
GBR,2020-04-30,10073,800,37338,160115,4568,79.63
GBR,2020-05-01,9817,817,38155,165376,5261,79.63
GBR,2020-05-02,9743,780,38935,170337,4961,79.63
GBR,2020-05-03,9576,785,39720,175103,4766,79.63
GBR,2020-05-04,9287,705,40425,178361,3258,79.63
GBR,2020-05-05,8914,661,41086,181363,3002,79.63
GBR,2020-05-06,8625,676,41762,184761,3398,79.63
GBR,2020-05-07,8353,642,42404,188275,3514,79.63
GBR,2020-05-08,8002,627,43031,191936,3661,79.63
GBR,2020-05-09,7763,629,43660,195723,3787,79.63
GBR,2020-05-10,7485,568,44228,198787,3064,79.63
GBR,2020-05-11,7265,539,44767,200957,2170,77.78
GBR,2020-05-12,7102,493,45260,203189,2232,77.78
GBR,2020-05-13,6871,427,45687,206625,3436,71.3
GBR,2020-05-14,6613,441,46128,209885,3260,71.3
GBR,2020-05-15,6570,454,46582,213215,3330,71.3
GBR,2020-05-16,6446,465,47047,215845,2630,71.3
GBR,2020-05-17,6326,421,47468,218375,2530,71.3
GBR,2020-05-18,6144,419,47887,220291,1916,71.3
GBR,2020-05-19,6040,377,48264,222011,1720,71.3
GBR,2020-05-20,5925,407,48671,224592,2581,71.3
GBR,2020-05-21,5857,371,49042,227655,3063,71.3
GBR,2020-05-22,5730,353,49395,230208,2553,71.3
GBR,2020-05-23,5563,342,49737,232643,2435,71.3
GBR,2020-05-24,5360,300,50037,234700,2057,71.3
GBR,2020-05-25,5120,284,50321,236110,1410,71.3
GBR,2020-05-26,4940,281,50602,237400,1290,71.3
GBR,2020-05-27,4799,279,50881,239025,1625,71.3
GBR,2020-05-28,4663,299,51180,240993,1968,71.3
GBR,2020-05-29,4538,281,51461,242700,1707,69.44
GBR,2020-05-30,4461,288,51749,244355,1655,69.44
GBR,2020-05-31,4404,254,52003,245781,1426,69.44
GBR,2020-06-01,4409,219,52222,246913,1132,67.59
GBR,2020-06-02,4381,195,52417,247993,1080,67.59
GBR,2020-06-03,4307,199,52616,249368,1375,67.59
GBR,2020-06-04,4171,233,52849,250790,1422,67.59
GBR,2020-06-05,4034,203,53052,252085,1295,67.59
GBR,2020-06-06,3875,183,53235,253276,1191,67.59
GBR,2020-06-07,3753,184,53419,254344,1068,67.59
GBR,2020-06-08,3559,151,53570,255097,753,73.15
GBR,2020-06-09,3381,163,53733,255785,688,73.15
GBR,2020-06-10,3257,161,53894,256811,1026,73.15
GBR,2020-06-11,3137,137,54031,257914,1103,73.15
GBR,2020-06-12,3055,166,54197,259043,1129,73.15
GBR,2020-06-13,3034,121,54318,259990,947,73.15
GBR,2020-06-14,2993,135,54453,260968,978,73.15
GBR,2020-06-15,3021,101,54554,261789,821,71.3
GBR,2020-06-16,2986,136,54690,262561,772,71.3
GBR,2020-06-17,2907,107,54797,263606,1045,71.3
GBR,2020-06-18,2865,120,54917,264628,1022,71.3
GBR,2020-06-19,2810,105,55022,265581,953,71.3
GBR,2020-06-20,2679,89,55111,266542,961,71.3
GBR,2020-06-21,2601,88,55199,267535,993,71.3
GBR,2020-06-22,2553,87,55286,268171,636,71.3
GBR,2020-06-23,2459,80,55366,268807,636,71.3
GBR,2020-06-24,2395,83,55449,269706,899,71.3
GBR,2020-06-25,2316,97,55546,270589,883,71.3
GBR,2020-06-26,2316,101,55647,271366,777,71.3
GBR,2020-06-27,2348,108,55755,272092,726,71.3
GBR,2020-06-28,2270,79,55834,272739,647,71.3
GBR,2020-06-29,2098,73,55907,273253,514,71.3
GBR,2020-06-30,2032,70,55977,273702,449,71.3
GBR,2020-07-01,1936,69,56046,274426,724,71.3
GBR,2020-07-02,1828,81,56127,275049,623,71.3
GBR,2020-07-03,1704,54,56181,275701,652,71.3
GBR,2020-07-04,1617,61,56242,276279,578,69.91
GBR,2020-07-05,1604,48,56290,276847,568,69.91
GBR,2020-07-06,1587,52,56342,277238,391,64.35
GBR,2020-07-07,1507,52,56394,277784,546,64.35
GBR,2020-07-08,1442,54,56448,278463,679,64.35
GBR,2020-07-09,1439,43,56491,279044,581,64.35
GBR,2020-07-10,1401,47,56538,279743,699,64.35
GBR,2020-07-11,1378,61,56599,280443,700,64.35
GBR,2020-07-12,1297,44,56643,280982,539,64.35
GBR,2020-07-13,1284,38,56681,281441,459,64.35
GBR,2020-07-14,1256,32,56713,281797,356,64.35
GBR,2020-07-15,1218,45,56758,282514,717,64.35
GBR,2020-07-16,1173,42,56800,283196,682,64.35
GBR,2020-07-17,1142,41,56841,283973,777,64.35
GBR,2020-07-18,1069,21,56862,284685,712,64.35
GBR,2020-07-19,1080,34,56896,285250,565,64.35
GBR,2020-07-20,1020,31,56927,285744,494,64.35
GBR,2020-07-21,959,24,56951,286192,448,64.35
GBR,2020-07-22,950,31,56982,286979,787,64.35
GBR,2020-07-23,982,31,57013,287706,727,64.35
GBR,2020-07-24,994,34,57047,288497,791,64.35
GBR,2020-07-25,1010,36,57083,289274,777,64.35
GBR,2020-07-26,994,19,57102,290048,774,64.35
GBR,2020-07-27,993,23,57125,290578,530,64.35
GBR,2020-07-28,986,32,57157,291106,528,64.35
GBR,2020-07-29,958,18,57175,291975,869,64.35
GBR,2020-07-30,892,26,57201,292831,856,64.35
GBR,2020-07-31,848,28,57229,293866,1035,64.35
GBR,2020-08-01,856,17,57246,294782,916,69.91
GBR,2020-08-02,839,31,57277,295464,682,69.91
GBR,2020-08-03,819,20,57297,296023,559,69.91
GBR,2020-08-04,825,17,57314,296587,564,69.91
GBR,2020-08-05,834,23,57337,297647,1060,69.91
GBR,2020-08-06,800,27,57364,298689,1042,69.91
GBR,2020-08-07,806,13,57377,299781,1092,69.91
GBR,2020-08-08,817,21,57398,300886,1105,69.91
GBR,2020-08-09,830,24,57422,301843,957,69.91
GBR,2020-08-10,809,22,57444,302548,705,69.91
GBR,2020-08-11,798,19,57463,303167,619,69.91
GBR,2020-08-12,757,25,57488,304647,1480,69.91
GBR,2020-08-13,786,20,57508,306025,1378,66.2
GBR,2020-08-14,768,24,57532,307243,1218,66.2
GBR,2020-08-15,729,23,57555,308382,1139,66.2
GBR,2020-08-16,704,18,57573,309550,1168,66.2
GBR,2020-08-17,708,23,57596,310254,704,66.2
GBR,2020-08-18,719,15,57611,310856,602,66.2
GBR,2020-08-19,732,21,57632,312135,1279,66.2
GBR,2020-08-20,700,15,57647,313251,1116,66.2
GBR,2020-08-21,707,13,57660,314498,1247,66.2
GBR,2020-08-22,679,16,57676,315965,1467,66.2
GBR,2020-08-23,673,10,57686,317160,1195,66.2
GBR,2020-08-24,673,12,57698,317984,824,66.2
GBR,2020-08-25,668,17,57715,318815,831,66.2
GBR,2020-08-26,687,9,57724,320080,1265,66.2
GBR,2020-08-27,740,22,57746,321300,1220,66.2
GBR,2020-08-28,768,16,57762,322644,1344,66.2
GBR,2020-08-29,805,12,57774,324235,1591,66.2
GBR,2020-08-30,805,12,57786,325815,1580,66.2
GBR,2020-08-31,801,8,57794,327045,1230,66.2
GBR,2020-09-01,814,11,57805,328216,1171,64.35
GBR,2020-09-02,829,18,57823,329685,1469,64.35
GBR,2020-09-03,824,11,57834,331973,2288,64.35
GBR,2020-09-04,843,15,57849,334955,2982,64.35
GBR,2020-09-05,864,9,57858,337981,3026,64.35
GBR,2020-09-06,926,15,57873,340926,2945,64.35
GBR,2020-09-07,983,14,57887,343349,2423,64.35
GBR,2020-09-08,1031,13,57900,345814,2465,64.35
GBR,2020-09-09,1087,24,57924,349745,3931,64.35
GBR,2020-09-10,1157,16,57940,352973,3228,64.35
GBR,2020-09-11,1228,14,57954,356180,3207,64.35
GBR,2020-09-12,1313,16,57970,359622,3442,64.35
GBR,2020-09-13,1401,19,57989,362801,3179,64.35
GBR,2020-09-14,1511,23,58012,365332,2531,65.74
GBR,2020-09-15,1599,20,58032,367486,2154,65.74
GBR,2020-09-16,1681,21,58053,370724,3238,65.74
GBR,2020-09-17,1730,26,58079,374111,3387,65.74
GBR,2020-09-18,1766,31,58110,378307,4196,65.74
GBR,2020-09-19,1810,38,58148,382729,4422,65.74
GBR,2020-09-20,1871,30,58178,387460,4731,65.74
GBR,2020-09-21,1984,25,58203,392349,4889,65.74
GBR,2020-09-22,2063,40,58243,397689,5340,65.74
GBR,2020-09-23,2197,30,58273,403316,5627,65.74
GBR,2020-09-24,2354,39,58312,409385,6069,67.59
GBR,2020-09-25,2472,58,58370,416116,6731,67.59
GBR,2020-09-26,2559,34,58404,423492,7376,67.59
GBR,2020-09-27,2611,40,58444,430810,7318,67.59
GBR,2020-09-28,2680,47,58491,437239,6429,67.59
GBR,2020-09-29,2769,56,58547,443962,6723,67.59
GBR,2020-09-30,2799,55,58602,453552,9590,67.59
GBR,2020-10-01,2904,48,58650,463507,9955,67.59
GBR,2020-10-02,3057,61,58711,475761,12254,67.59
GBR,2020-10-03,3242,71,58782,488617,12856,67.59
GBR,2020-10-04,3534,74,58856,501964,13347,67.59
GBR,2020-10-05,3722,70,58926,513209,11245,67.59
GBR,2020-10-06,4012,63,58989,524646,11437,67.59
GBR,2020-10-07,4251,68,59057,541399,16753,67.59
GBR,2020-10-08,4436,84,59141,558649,17250,67.59
GBR,2020-10-09,4618,110,59251,576524,17875,67.59
GBR,2020-10-10,4801,97,59348,594949,18425,67.59
GBR,2020-10-11,4995,96,59444,610160,15211,67.59
GBR,2020-10-12,5262,107,59551,622252,12092,60.19
GBR,2020-10-13,5552,128,59679,634454,12202,60.19
